https://www.cod.edu/academics/divisions/math-natural-sciences/faculty.aspx
 * Skip to Breadcrumb Navigation
 * Skip to Main Content
 * Skip to Footer


 * Quick Links
   * Blackboard [https://bb.cod.edu/]
   * Calendar of Events [/calendar/index.php]
   * COD Student Email
     [/student_life/resources/information_technology/email/index.aspx]
   * Directory [/faculty/index.aspx]
   * Enrollment Calendar [/student-services/important-dates.aspx]
   * Give [https://foundation.cod.edu/]
   * InsideCOD Portal [https://inside.cod.edu/]
   * Library [https://library.cod.edu/]
   * News [/news/index.aspx]
   * Search for Courses [https://selfserv.cod.edu/Student/Courses]
   * Services [/about/community-offerings/index.aspx]
   * Visit [/admission/visit_cod/index.aspx]
 * Info For
   * Alumni [https://alumni.cod.edu/]
   * Community Members & Local Businesses
     [/gateways/community-engagement/index.aspx]
   * Continuing Education Students [/academics/continuing-education/index.aspx]
   * Current Students [/gateways/current-students.aspx]
   * Faculty and Staff [/gateways/faculty_staff.aspx]
   * Military & Veteran Students [/student_life/resources/veterans/index.aspx]
   * Parents [/gateways/parents/index.aspx]
   * Vendors [/about/purchasing/index.aspx]
 * Search College of DuPage
   
   Search

 * Chappy the Chatbot can answer your general questions about COD. Chat with
   Chappy [/chat.aspx].
   
   
   Chat

 * - Apply for Credit Classes. [https://admissions.cod.edu]       - Apply for
   Continuing Education Classes. [/academics/continuing-education/index.aspx]
   
   
   Apply

 * College of DuPage [/_resources/img/global/logo-green.svg] /

 * Academics
   * Academics Home [/academics/index.aspx]
   * Catalog [https://catalog.cod.edu/]
   * Academic Resources [/student_life/resources/index.aspx]
   * Academic Opportunities [/academics/academic_opportunities/index.aspx]
   * Accreditation [/academics/accreditation/index.aspx]
   * Continuing Education [/academics/continuing-education/index.aspx]
   * Career and Technical Education
     [/academics/career_technical_education/index.aspx]
   * English Language Learners [/academics/els/index.aspx]
   * Faculty [/faculty/index.aspx]
 * Areas of Study
   * Areas of Study Home [/academics/programs/index.aspx]
   * New Degrees and Certificates [/academics/programs/new.aspx]
   * Degree Programs [/academics/programs/degree_programs.aspx]
   * Certificate Programs [/academics/programs/career_technical_programs.aspx]
   * New Classes [/academics/programs/new_classes.aspx]
   * Find Your Path [https://catalog.cod.edu/programs]
   * Career and Technical Programs
     [/academics/programs/career_technical_info_sheets.aspx]
   * Transfer Information [/academics/transfer/index.aspx]
   * Academic ELS [/academics/programs/els/index.aspx]
 * Admissions
   * Admissions Home [/admission/index.aspx]
   * Campus Central [/admission/campus-central.aspx]
   * Contact Admissions & Outreach [/admission/admissions_contact/index.aspx]
   * High School Students
     [/academics/academic_opportunities/high_school_students/index.aspx]
   * International Students [/admission/international/index.aspx]
   * Placement Testing
     [/academics/testing/tests-administered/placement/index.aspx]
   * Steps to Enrollment [/admission/steps-to-enrollment/index.aspx]
   * Visit COD [/admission/visit_cod/index.aspx]
 * Student Services
   * Student Services Home [/student-services/index.aspx]
   * Access and Accommodations
     [/student_life/resources/access-accommodations/index.aspx]
   * Center for Student Success
     [/student_life/resources/center-for-student-success/index.aspx]
   * Counseling, Advising and Transfer Services
     [/student_life/resources/counseling/index.aspx]
   * Enrollment Calendar [/student-services/important-dates.aspx]
   * Learning Commons [/academics/learning_commons/index.aspx]
   * Office of Student Records [/records/index.aspx]
   * Registration Services [/registration/index.aspx]
 * Costs, Scholarships & Aid
   * Costs, Scholarships & Aid Home [/costs/index.aspx]
   * Tuition and Fees [/costs/tuition/index.aspx]
   * Student Employment: Federal Work-Study
     [/costs/financial_aid/federal-work-study.aspx]
   * Financial Aid [/costs/financial_aid/index.aspx]
   * Payment Policy [/costs/tuition/payment-plans/payment-policy.aspx]
   * Payment Plans [/costs/tuition/payment-plans/index.aspx]
   * Scholarships [/costs/scholarships/index.aspx]
 * Student Life & Resources
   * Student Life Home [/student_life/index.aspx]
   * Student Resources [/student_life/resources/index.aspx]
   * Clubs and Organizations [/student_life/clubs_org/index.aspx]
   * ChapLife [https://cod.presence.io/]
   * Athletics [https://gochapsgo.com]
   * Dean of Students [/student_life/dean-of-students/index.aspx]
 * About Us
   * About Us Home [/about/index.aspx]
   * Administration [/about/administration/index.aspx]
   * Office of the President [/about/office_of_the_president/index.aspx]
   * Board of Trustees [/about/board_of_trustees/index.aspx]
   * Human Resources [/about/humanresources/index.aspx]
   * COD Facts [/about/cod-facts/index.aspx]
   * Campus Facilities [/about/visitor-information/campus-facilities/index.aspx]
   * Equity and Access [/about/campus-departments/equity/index.aspx]
   * COD Stories [/about/stories/index.aspx]

College of DuPage [/_resources/img/global/logo-white.svg] College of DuPage
[/_resources/img/global/logo-green.svg] / Menu
 * Search College of DuPage submit search

 * Chappy the Chatbot can answer your general questions about COD. Chat with
   Chappy [/chat.aspx].

 * Apply for Credit Classes. [https://admissions.cod.edu]
   Apply for Continuing Education Classes.
   [/academics/continuing-education/index.aspx]

 * Academics [/academics/index.aspx]
 * Areas of Study [/academics/programs/index.aspx]
 * Admissions [/admission/index.aspx]
 * Student Services [/student-services/index.aspx]
 * Costs, Scholarships & Aid [/costs/index.aspx]
 * Student Life & Resources [/student_life/index.aspx]
 * About Us [/about/index.aspx]

 * Quick Links
 * Blackboard [https://bb.cod.edu/]
 * Calendar of Events [/calendar/index.php]
 * COD Student Email
   [/student_life/resources/information_technology/email/index.aspx]
 * Directory [/faculty/index.aspx]
 * Enrollment Calendar [/student-services/important-dates.aspx]
 * Give [https://foundation.cod.edu/]
 * InsideCOD Portal [https://inside.cod.edu/]
 * Library [https://library.cod.edu/]
 * News [/news/index.aspx]
 * Search for Courses [https://selfserv.cod.edu/Student/Courses]
 * Services [/about/community-offerings/index.aspx]
 * Visit [/admission/visit_cod/index.aspx]

 * Info For
 * Alumni [https://alumni.cod.edu/]
 * Community Members & Local Businesses
   [/gateways/community-engagement/index.aspx]
 * Continuing Education Students [/academics/continuing-education/index.aspx]
 * Current Students [/gateways/current-students.aspx]
 * Faculty and Staff [/gateways/faculty_staff.aspx]
 * Military & Veteran Students [/student_life/resources/veterans/index.aspx]
 * Parents [/gateways/parents/index.aspx]
 * Vendors [/about/purchasing/index.aspx]

student and instructor in discussion
[/_resources/img/hero/engineering-teacher-student.jpg]
Home [https://www.cod.edu/]Academics [https://www.cod.edu/academics/]Academic
Divisions [https://www.cod.edu/academics/divisions/]Science, Technology,
Engineering and Math Division
[https://www.cod.edu/academics/divisions/math-natural-sciences/]Faculty


SCIENCE, TECHNOLOGY, ENGINEERING AND MATH DIVISION FACULTY

Toggle Sub-navigation
 * Faculty [/academics/divisions/math-natural-sciences/faculty.aspx]


BIOLOGY

Faculty
 * Adams, Jason [https://www.cod.edu/faculty/websites/adamsja/index.aspx] -
   Associate Professor, adamsja@cod.edu [adamsja@cod.edu], HSC 1337,
   (630)942-2272.
 * Ajgaonkar, Shamili [https://www.cod.edu/faculty/websites/sandifor/index.aspx]
   - Professor, sandifor@cod.edu [sandifor@cod.edu], HSC 1333, (630)942-2123.
 * Finan, Kathleen [https://www.cod.edu/faculty/websites/finank/index.aspx] -
   Professor, finank@cod.edu [finank@cod.edu], HSC 2323, (630)942-3726.
 * Hardy, Thomas - Associate Professor, hardyt503@cod.edu [hardyt503@cod.edu],
   HSC 1341, (630)942-2127.
 * Hayashi, Adam - Assistant Professor, hayashia@cod.edu [hayashia@cod.edu], HSC
   2327, (630)942-3064.
 * Kirkpatrick, Beth
   [https://www.cod.edu/faculty/websites/kirkpatrickb/index.aspx] - Professor,
   kirkpatrickb@cod.edu [kirkpatrickb@cod.edu], HSC 1335, (630)942-3387.
 * Lee, Grace - Assistant Professor, leeg3223@cod.edu [leeg3223@cod.edu], HSC
   1329, (630)942-3520.
 * Leszczewicz, Tara
   [https://www.cod.edu/faculty/websites/leszczewiczt/index.aspx] - Professor,
   leszczewiczt@cod.edu [leszczewiczt@cod.edu], HSC 2335, (630)942-2265.
 * Ludden, James [https://www.cod.edu/faculty/websites/luddenj/index.aspx] -
   Professor, ludden@cod.edu [ludden@cod.edu], HSC 2333, (630)942-4073.
 * Oliver-Tucci, Karan
   [https://www.cod.edu/faculty/websites/olivertuccik/index.aspx] - Assistant
   Professor, olivert@cod.edu [olivert@cod.edu], HSC 2329, (630)942-2274.
 * Persky, Karen [https://www.cod.edu/faculty/websites/perskyk/index.aspx] -
   Professor, persky@cod.edu [persky@cod.edu], HSC 2321, (630)942-3932.
 * Randa, Lynda [https://www.cod.edu/faculty/websites/randal/index.aspx] -
   Associate Professor, randal@cod.edu [randal@cod.edu], HSC 1327,
   (630)942-2706.
 * Taylor, David [https://www.cod.edu/faculty/websites/taylord/index.aspx] -
   Associate Professor, taylord257@cod.edu [taylord257@cod.edu], HSC 1339,
   (630)942-2517.

Adjunct Faculty
 * Abughoush, Alaa - Adjunct Faculty, abughousha@cod.edu [abughousha@cod.edu]
 * Adams, Julie - Adjunct Faculty, adamsj3@cod.edu [adamsj3@cod.edu], HSC 1235
 * Alsop, Kathrine - Adjunct Faculty, woodallk@cod.edu [woodallk@cod.edu]
 * Anlar, Nilgun - Adjunct Faculty, anlarn@cod.edu [anlarn@cod.edu]
 * Boudiaf, Chafika - Adjunct Faculty, boudiafc@cod.edu [boudiafc@cod.edu]
 * Boyce, John - Adjunct Faculty, boycej60@cod.edu [boycej60@cod.edu]
 * Chen, Peter - Adjunct Faculty, chenpe@cod.edu [chenpe@cod.edu], HSC 1235
 * Cwik, Lawrence - Adjunct Faculty, cwikl@cod.edu [cwikl@cod.edu]
 * D'Anza, James - Adjunct Faculty, danzaj@cod.edu [danzaj@cod.edu]
 * DiGiovanni, Nicholas - Adjunct Faculty, digiovannin@cod.edu
   [digiovannin@cod.edu]
 * Draper, Edward - Adjunct Faculty, drapere@cod.edu [drapere@cod.edu]
 * Duncan, Annemarie - Adjunct Faculty, rexroad@cod.edu [rexroad@cod.edu]
 * Graunke, Alissa - Adjunct Faculty, graunkea4@cod.edu [graunkea4@cod.edu]
 * Groves, Michelle - Adjunct Faculty, grovesm@cod.edu [grovesm@cod.edu]
 * Hilvert, Christopher - Adjunct Faculty, hilvertc@cod.edu [hilvertc@cod.edu]
 * Hinton, Allison - Adjunct Faculty, hintona@cod.edu [hintona@cod.edu]
 * Holzle-Frega, Denise - Adjunct Faculty, holzle-fregad@cod.edu
   [holzle-fregad@cod.edu]
 * Johnson, Alexandra - Adjunct Faculty, johnsona641@cod.edu
   [johnsona641@cod.edu]
 * Kerfin, James - Adjunct Faculty, kerfinj@cod.edu [kerfinj@cod.edu]
 * Kucera, Molly - Adjunct Faculty, robinsonm149@cod.edu [robinsonm149@cod.edu]
 * Lawrence, Carla - Adjunct Faculty, lawrencec333@cod.edu
   [lawrencec333@cod.edu]
 * Lee, John - Adjunct Faculty, leej616@cod.edu [leej616@cod.edu]
 * Luczynski, Kathleen - Adjunct Faculty, luczynsk@cod.edu [luczynsk@cod.edu],
   (630)942-8659.
 * Malik, Shabana - Adjunct Faculty, maliks32@cod.edu [maliks32@cod.edu]
 * Mayanil, Chandra Shekhar - Adjunct Faculty, mayanilc@cod.edu
   [mayanilc@cod.edu]
 * Minton, Michelle - Adjunct Faculty, mintonm@cod.edu [mintonm@cod.edu]
 * Mishra, Manjari - Adjunct Faculty, mishram@cod.edu [mishram@cod.edu]
 * O'Connor, Tracy - Adjunct Faculty, oconnort391@cod.edu [oconnort391@cod.edu]
 * Park, Tyler - Adjunct Faculty, parkt459@cod.edu [parkt459@cod.edu],
   (630)942-8675.
 * Patwardhan, Vandana - Adjunct Faculty, patwardhanv@cod.edu
   [patwardhanv@cod.edu]
 * Pellegrino, Mark - Adjunct Faculty, pellegrinom1552@cod.edu
   [pellegrinom1552@cod.edu]
 * Peng, Yuanying - Adjunct Faculty, pengyu@cod.edu [pengyu@cod.edu]
 * Pfeifer, Sarah - Adjunct Faculty, pfeifer@cod.edu [pfeifer@cod.edu]
 * Poromanska, Margarita - Adjunct Faculty, poroman@cod.edu [poroman@cod.edu],
   (630)942-8649.
 * Purcell, Susan - Adjunct Faculty, purcells207@cod.edu [purcells207@cod.edu]
 * Robinson, Melanie - Adjunct Faculty, robinson@cod.edu [robinson@cod.edu]
 * Robinson, Sander - Adjunct Faculty, robinsons3@cod.edu [robinsons3@cod.edu]
 * Rose, Norman - Adjunct Faculty, roseno@cod.edu [roseno@cod.edu],
   (630)942-2800.
 * Sabherwal, Yamini - Adjunct Faculty, sabherwaly@cod.edu [sabherwaly@cod.edu]
 * Shaffer-McCarthy, Elizabeth - Adjunct Faculty, shaffer-mccarthye@cod.edu
   [shaffer-mccarthye@cod.edu]
 * Shahabuddin, Syed - Adjunct Faculty, shahab@cod.edu [shahab@cod.edu]
 * Shariff, Sabeeha - Adjunct Faculty, shariffs252@cod.edu [shariffs252@cod.edu]
 * Shaykh, Mashouf - Adjunct Faculty, shaykh@cod.edu [shaykh@cod.edu],
   (630)942-2800.
 * Singh, Smita - Adjunct Faculty, singhs142@cod.edu [singhs142@cod.edu]
 * Smith, Kimberly - Adjunct Faculty, smithk108@cod.edu [smithk108@cod.edu]
 * Sterling, Kristi - Adjunct Faculty, sterlingk371@cod.edu
   [sterlingk371@cod.edu]
 * Stoddard, John - Adjunct Faculty, stoddardj@cod.edu [stoddardj@cod.edu]
 * Swiech, Richard - Adjunct Faculty, swiechr301@cod.edu [swiechr301@cod.edu]
 * Talwar, Sundeep - Adjunct Faculty, talwars@cod.edu [talwars@cod.edu]
 * Tetzlaff, Sasha - Adjunct Faculty, tetzlaffs@cod.edu [tetzlaffs@cod.edu]
 * Uddin, Sarder - Adjunct Faculty, uddins516@cod.edu [uddins516@cod.edu], HSC
   1235
 * Ware, Sarah - Adjunct Faculty, wares160@cod.edu [wares160@cod.edu]
 * Washburn, Carrie - Adjunct Faculty, myersc146@cod.edu [myersc146@cod.edu]


CHEMISTRY

Faculty
 * Chlebanowski, Lauren - Assistant Professor, chlebanowskil@cod.edu
   [chlebanowskil@cod.edu], HSC 3341, (630)942-2486.
 * DiCarlo, Cory [https://www.cod.edu/faculty/websites/dicarloc/index.aspx] -
   Professor, dicarloc@cod.edu [dicarloc@cod.edu], HSC 3327, (630)942-2761.
 * Haque, Lubna [https://www.cod.edu/faculty/websites/haquel/index.aspx] -
   Professor, haquel@cod.edu [haquel@cod.edu], HSC 3335, (630)942-2110.
 * Hess, Kathleen - Associate Professor, hessk132@cod.edu [hessk132@cod.edu],
   HSC 3337, (630)942-2420.
 * Newberg, Mary [https://www.cod.edu/faculty/websites/newbergm/index.aspx] -
   Professor, newberg@cod.edu [newberg@cod.edu], HSC 3331, (630)942-4066.
 * Sua, Andy - Assistant Professor, suaa@cod.edu [suaa@cod.edu]

Adjunct Faculty
 * Barrett, Oscene - Adjunct Faculty, barretto@cod.edu [barretto@cod.edu]
 * Budziak, Colleen - Adjunct Faculty, budziakc@cod.edu [budziakc@cod.edu]
 * Butkovich, Paul - Adjunct Faculty, butkovichp@cod.edu [butkovichp@cod.edu],
   (630)942-.
 * Campbell, Dana - Adjunct Faculty, campbelld782@cod.edu [campbelld782@cod.edu]
 * Dandashli, Euphemie - Adjunct Faculty, dandashlie@cod.edu
   [dandashlie@cod.edu]
 * Faber, Steven - Adjunct Faculty, fabers171@cod.edu [fabers171@cod.edu]
 * Geistoraityte, Laima - Adjunct Faculty, geistoraitytel@cod.edu
   [geistoraitytel@cod.edu]
 * Gustafson, Christin - Adjunct Faculty, gustafsonc381@cod.edu
   [gustafsonc381@cod.edu]
 * Hartnett, Smiljana - Adjunct Faculty, hartnetts@cod.edu [hartnetts@cod.edu]
 * Hossain-Kumar, Tasneem - Adjunct Faculty, hossain-kumart@cod.edu
   [hossain-kumart@cod.edu]
 * Hsu, Chia-Wei - Adjunct Faculty, hsuc783@cod.edu [hsuc783@cod.edu]
 * Jairath, Ruchi - Adjunct Faculty, jairathr@cod.edu [jairathr@cod.edu]
 * Jones, Ivy - Adjunct Faculty, jonesi2476@cod.edu [jonesi2476@cod.edu]
 * Kwon, Yunjeong - Adjunct Faculty, kwony@cod.edu [kwony@cod.edu]
 * McKoy, Angela - Adjunct Faculty, mckoya@cod.edu [mckoya@cod.edu]
 * Montag, Ruth - Adjunct Faculty, montagr@cod.edu [montagr@cod.edu]
 * Moser, Mark - Adjunct Faculty, moserm579@cod.edu [moserm579@cod.edu]
 * Namjoofard, Niloofar - Adjunct Faculty, namjoofardn@cod.edu
   [namjoofardn@cod.edu]
 * Narayanan, Usha - Adjunct Faculty, narayananu@cod.edu [narayananu@cod.edu]
 * Oberts, Benjamin - Adjunct Faculty, obertsb@cod.edu [obertsb@cod.edu]
 * Ozcomert, John - Adjunct Faculty, ozcomertj@cod.edu [ozcomertj@cod.edu]
 * Park, Jong-Hee - Adjunct Faculty, parkj224@cod.edu [parkj224@cod.edu], HSC
   3310
 * Peterson, Richard - Adjunct Faculty, petersonr865@cod.edu
   [petersonr865@cod.edu]
 * Pinkston, David - Adjunct Faculty, pinkstond@cod.edu [pinkstond@cod.edu]
 * Qayyum, Erum - Adjunct Faculty, qayyume@cod.edu [qayyume@cod.edu]
 * Rahman, Altaf - Adjunct Faculty, rahmana294@cod.edu [rahmana294@cod.edu]
 * Ramesh, Maya - Adjunct Faculty, rameshm@cod.edu [rameshm@cod.edu]
 * Saha, Rituparna - Adjunct Faculty, sahar@cod.edu [sahar@cod.edu]
 * Saha, Biswajit - Adjunct Faculty, sahab@cod.edu [sahab@cod.edu]
 * Sarkar, Supriti - Adjunct Faculty, sarkars@cod.edu [sarkars@cod.edu],
   (630)942-2800.
 * Schneider, John - Adjunct Faculty, schneiderj1193@cod.edu
   [schneiderj1193@cod.edu]
 * Schraufnagel, Richard - Adjunct Faculty, schrauf@cod.edu [schrauf@cod.edu],
   (630)942-2800.
 * Seal, Lawton - Adjunct Faculty, seall@cod.edu [seall@cod.edu]
 * Shukla, Dipika - Adjunct Faculty, shuklad843@cod.edu [shuklad843@cod.edu]
 * Singh, Amareshwar - Adjunct Faculty, singha74@cod.edu [singha74@cod.edu]
 * Smith, James - Adjunct Faculty, smithj1045@cod.edu [smithj1045@cod.edu]
 * Sumrak, Joseph - Adjunct Faculty, sumrakj@cod.edu [sumrakj@cod.edu]
 * Tayh, Jamal - Adjunct Faculty, tayhj@cod.edu [tayhj@cod.edu]
 * Tinca, Mihaela - Adjunct Faculty, tincam@cod.edu [tincam@cod.edu]
 * Trent, Richard - Adjunct Faculty, trentr@cod.edu [trentr@cod.edu]
 * Udawatte, Chandani - Adjunct Faculty, udawattec@cod.edu [udawattec@cod.edu]
 * Wang, John - Adjunct Faculty, wangho@cod.edu [wangho@cod.edu]
 * White, Kenneth - Adjunct Faculty, whitek@cod.edu [whitek@cod.edu],
   (630)942-2800.
 * Whittaker, Rachel - Adjunct Faculty, whittakerr@cod.edu [whittakerr@cod.edu],
   HSC 3333, (630)942-2451.


EARTH SCIENCE

Faculty
 * DalSanto, Joseph [https://www.cod.edu/faculty/websites/dalsantoj/index.aspx]
   - Associate Professor, dalsantoj228@cod.edu [dalsantoj228@cod.edu], BIC
   3C06D, (630)942-2163.
 * Filomena, Joseph [https://www.cod.edu/faculty/websites/filomenaj/index.aspx]
   - Professor, filomena@cod.edu [filomena@cod.edu], BIC 3C06B, (630)942-2029.
 * Simard, Karly - Assistant Professor, simardk@cod.edu [simardk@cod.edu], BIC
   3C06A, (630)942-2433.
 * Sirvatka, Paul [https://www.cod.edu/faculty/websites/sirvatkap/index.aspx] -
   Professor, sirvatka@cod.edu [sirvatka@cod.edu], BIC 3500, (630)942-2118.
 * Stenz, Ronald - Assistant Professor, stenzr@cod.edu [stenzr@cod.edu], BIC
   3502, (630)942-3496.
 * Sutherland, Mark
   [https://www.cod.edu/faculty/websites/sutherlandm/index.aspx] - Professor,
   sutherla@cod.edu [sutherla@cod.edu], BIC 3C06C, (630)942-2505.

Adjunct Faculty
 * Aarestad, Elizabeth - Adjunct Faculty, aarestade@cod.edu [aarestade@cod.edu]
 * Baugh, James - Adjunct Faculty, baughj@cod.edu [baughj@cod.edu]
 * Cordell, Bruce - Adjunct Faculty, cordellb@cod.edu [cordellb@cod.edu]
 * Crow, Genevieve - Adjunct Faculty, crowg@cod.edu [crowg@cod.edu]
 * Dudzik, Jan - Adjunct Faculty, dudzikj441@cod.edu [dudzikj441@cod.edu]
 * Fouskas, Fotios - Adjunct Faculty, fouskasf@cod.edu [fouskasf@cod.edu]
 * Kofron, David - Adjunct Faculty, kofrond@cod.edu [kofrond@cod.edu]
 * Menig, Erin - Adjunct Faculty, menige@cod.edu [menige@cod.edu]
 * Mierzejewski, Caroline - Adjunct Faculty, mierzejewskic@cod.edu
   [mierzejewskic@cod.edu]
 * Okoli, Edmund - Adjunct Faculty, okolie@cod.edu [okolie@cod.edu]
 * Polad, Richard - Adjunct Faculty, poladr@cod.edu [poladr@cod.edu]
 * Richesin, Dean - Adjunct Faculty, richesind@cod.edu [richesind@cod.edu],
   (630)942-8655.
 * Schenkel, Cheyanne - Adjunct Faculty, schenkelc@cod.edu [schenkelc@cod.edu]
 * Sedlacek, Michael - Adjunct Faculty, sedlacekm236@cod.edu
   [sedlacekm236@cod.edu]
 * Shafer, John - Adjunct Faculty, shaferj1002@cod.edu [shaferj1002@cod.edu]
 * Stoughton, Christopher - Adjunct Faculty, stoughtonc@cod.edu
   [stoughtonc@cod.edu]


ELECTRONICS TECHNOLOGY

Faculty
 * Vrettos, Andreas - Associate Professor, vrettosa@cod.edu [vrettosa@cod.edu],
   TEC 1052, (630)942-3390.

Adjunct Faculty
 * Dunne, Robert - Adjunct Faculty, dunner@cod.edu [dunner@cod.edu]
 * Dyrc, Gabriela - Adjunct Faculty, dyrcg@cod.edu [dyrcg@cod.edu]
 * Hanley, John - Adjunct Faculty, hanleyj706@cod.edu [hanleyj706@cod.edu]
 * Hull, John - Adjunct Faculty, hullj117@cod.edu [hullj117@cod.edu]
 * Manafi, Mohammad - Adjunct Faculty, manafim@cod.edu [manafim@cod.edu]
 * Mikhail, Maged - Adjunct Faculty, mikhailm345@cod.edu [mikhailm345@cod.edu]
 * Rivera, Hudson - Adjunct Faculty, riverah868@cod.edu [riverah868@cod.edu]
 * Rybinski, Michael - Adjunct Faculty, rybinski@cod.edu [rybinski@cod.edu]
 * Shahian Jahromi, Babak - Adjunct Faculty, shahianjahromib@cod.edu
   [shahianjahromib@cod.edu]
 * Simeunovic, Radomir - Adjunct Faculty, simeuno@cod.edu [simeuno@cod.edu]


ELECTRO-MECHANICAL TECHNOLOGY

Faculty

Adjunct Faculty
 * Jabi, Mohammad Amin - Adjunct Faculty, mohammadj419@cod.edu
   [mohammadj419@cod.edu]
 * Lang, Robert - Adjunct Faculty, langr582@cod.edu [langr582@cod.edu]
 * Pasqua, John - Adjunct Faculty, pasqua@cod.edu [pasqua@cod.edu]
 * Pausch, Robert - Adjunct Faculty, pauschr@cod.edu [pauschr@cod.edu]


ENGINEERING

Faculty
 * Banjavcic, Scott
   [https://www.cod.edu/faculty/websites/banjavicics/index.aspx] - Professor,
   banjavcics@cod.edu [banjavcics@cod.edu], BIC 3436H, (630)942-2432.
 * Pasquale, Alyssa [https://www.cod.edu/faculty/websites/pasqualea/index.aspx]
   - Professor, pasqualea185@cod.edu [pasqualea185@cod.edu], BIC 3E01,
   (630)942-3902.
 * Smith, David [https://www.cod.edu/faculty/websites/smithd/index.aspx] -
   Professor, smithdav@cod.edu [smithdav@cod.edu], BIC BIC 2H, (630)942-2418.

Adjunct Faculty



MATHEMATICS

Faculty
 * Adduci, James [https://www.cod.edu/faculty/websites/adducij/index.aspx] -
   Associate Professor, adducij@cod.edu [adducij@cod.edu], BIC 3437F,
   (630)942-2182.
 * Bailey, Christopher
   [https://www.cod.edu/faculty/websites/baileyc105/index.aspx] - Professor,
   baileyc105@cod.edu [baileyc105@cod.edu], BIC 3407, (630)942-3035.
 * Bradley, Patrick [https://www.cod.edu/faculty/websites/bradley/index.aspx] -
   Professor, bradley@cod.edu [bradley@cod.edu], BIC 3D12, (630)942-3973.
 * Dang, Yumei [https://www.cod.edu/faculty/websites/dangy/index.aspx] -
   Associate Professor, dangyum@cod.edu [dangyum@cod.edu], BIC 2H09F,
   (630)942-2039.
 * Dexter-Mitchell, Kathleen
   [https://www.cod.edu/faculty/websites/dexter-mitchell/index.aspx] -
   Professor, dexterk@cod.edu [dexterk@cod.edu], BIC 3436E, (630)942-3397.
 * Fink, Kevin - Associate Professor, finkk@cod.edu [finkk@cod.edu], BIC 3D02,
   (630)942-2743.
 * Hill, Jennifer-Anne [https://www.cod.edu/faculty/websites/hillj/index.aspx] -
   Associate Professor, hillj504@cod.edu [hillj504@cod.edu], BIC 3436F,
   (630)942-2034.
 * Hotsinpiller, Erica
   [https://www.cod.edu/faculty/websites/hotsinpillere/index.aspx] - Professor,
   hotsinpillere@cod.edu [hotsinpillere@cod.edu], BIC 3E11, (630)942-4504.
 * Kiedaisch, Elizabeth
   [https://www.cod.edu/faculty/websites/kiedaische/index.aspx] - Professor,
   kiedaisc@cod.edu [kiedaisc@cod.edu], BIC 3530C, (630)942-3912.
 * Kraus, Jacqueline - Assistant Professor, krausj114@cod.edu
   [krausj114@cod.edu], BIC 3437A, (630)942-2535.
 * Laurent, Gail [https://www.cod.edu/faculty/websites/laurentg/index.aspx] -
   Assistant Professor, laurent@cod.edu [laurent@cod.edu], BIC 3530F,
   (630)942-3015.
 * McCabe, Michael [https://www.cod.edu/faculty/websites/mccabem85/index.aspx] -
   Assistant Professor, mccabem85@cod.edu [mccabem85@cod.edu], BIC 3436B,
   (630)942-2152.
 * McGregor, Laurette
   [https://www.cod.edu/faculty/websites/mcgregorl/index.aspx] - Assistant
   Professor, mcgregorl@cod.edu [mcgregorl@cod.edu], BIC 3436D, (630)942-3375.
 * Patel, Rita [https://www.cod.edu/faculty/websites/patelr/index.aspx] -
   Professor, patelr35@cod.edu [patelr35@cod.edu], BIC 3437D, (630)942-3903.
 * Peterson, Christy [https://www.cod.edu/faculty/websites/petersonc/index.aspx]
   - Professor, petersnc@cod.edu [petersnc@cod.edu], BIC 3437C, (630)942-2167.
 * Soo, Caroline [https://www.cod.edu/faculty/websites/sooc/index.aspx] -
   Professor, soocarol@cod.edu [soocarol@cod.edu], BIC 3530G, (630)942-2115.
 * Stack, Michael - Professor, stackm@cod.edu [stackm@cod.edu], BIC 3530J,
   (630)942-2922.
 * Wechter, Matthew [https://www.cod.edu/faculty/websites/wechterm/index.aspx] -
   Associate Professor, wechterm@cod.edu [wechterm@cod.edu], BIC 3530A,
   (630)942-4405.
 * Zinzer, Scott - Assistant Professor, zinzers@cod.edu [zinzers@cod.edu], BIC
   3436J, (630)942-2031.

Adjunct Faculty
 * Ajinth, Divya - Adjunct Faculty, ajinthd@cod.edu [ajinthd@cod.edu]
 * Alex, Nika - Adjunct Faculty, alexn746@cod.edu [alexn746@cod.edu]
 * Allsbrook, Fred - Adjunct Faculty, allsbrookf@cod.edu [allsbrookf@cod.edu]
 * Anderson, Keith - Adjunct Faculty, andersnk@cod.edu [andersnk@cod.edu],
   (630)942-8685.
 * Bahreini, Manijeh - Adjunct Faculty, bahreinim@cod.edu [bahreinim@cod.edu]
 * Bekkal, Omar - Adjunct Faculty, bekkalo@cod.edu [bekkalo@cod.edu]
 * Brzuszkiewicz, Amanda - Adjunct Faculty, brzuszkiewicza@cod.edu
   [brzuszkiewicza@cod.edu]
 * Burgess, Kaitlin - Adjunct Faculty, burgessk@cod.edu [burgessk@cod.edu]
 * Cammallarie, Josephine - Adjunct Faculty, cammal@cod.edu [cammal@cod.edu],
   (630)942-2800.
 * Chakravorty, Gauri - Adjunct Faculty, chakravortyg@cod.edu
   [chakravortyg@cod.edu]
 * Chung, Ken - Adjunct Faculty, chungk@cod.edu [chungk@cod.edu]
 * Colucci, Margaret - Adjunct Faculty, colucci@cod.edu [colucci@cod.edu],
   (630)942-2800.
 * Deinzer, Ellen - Adjunct Faculty, deinzere@cod.edu [deinzere@cod.edu]
 * Desruisseaux, Paul - Adjunct Faculty, desruisseauxp@cod.edu
   [desruisseauxp@cod.edu]
 * Fabos, Michael - Adjunct Faculty, fabosm@cod.edu [fabosm@cod.edu]
 * Flint, Richard - Adjunct Faculty, flintr@cod.edu [flintr@cod.edu]
 * Florian, Karen - Adjunct Faculty, floriank2784@cod.edu [floriank2784@cod.edu]
 * Gade, William - Adjunct Faculty, gadew@cod.edu [gadew@cod.edu]
 * Gerges, Sam - Adjunct Faculty, gergess@cod.edu [gergess@cod.edu]
 * Grumbles, Scot - Adjunct Faculty, grumbless@cod.edu [grumbless@cod.edu]
 * Hameed, Tazeen - Adjunct Faculty, hameedt25@cod.edu [hameedt25@cod.edu]
 * Hawando, Mesgana - Adjunct Faculty, hawandom@cod.edu [hawandom@cod.edu]
 * Hubbard, Janet - Adjunct Faculty, hubbardj@cod.edu [hubbardj@cod.edu]
 * Jeffrey, Jennifer - Adjunct Faculty, jeffreyj7@cod.edu [jeffreyj7@cod.edu]
 * Jordan, Julie - Adjunct Faculty, jordanj29@cod.edu [jordanj29@cod.edu]
 * Kalra, Ajay - Adjunct Faculty, kalraa@cod.edu [kalraa@cod.edu]
 * Kilpatrick, Donald - Adjunct Faculty, kilpat@cod.edu [kilpat@cod.edu]
 * Knudson, Dale - Adjunct Faculty, knudson@cod.edu [knudson@cod.edu],
   (630)942-2800.
 * Kwon, Hyukse - Adjunct Faculty, kwonh267@cod.edu [kwonh267@cod.edu]
 * Laska, Kristine - Adjunct Faculty, laskak@cod.edu [laskak@cod.edu]
 * Lipskie, Larry - Adjunct Faculty, lipskiel@cod.edu [lipskiel@cod.edu],
   (630)942-8619.
 * LoBue, Rick - Adjunct Faculty, lobuer@cod.edu [lobuer@cod.edu]
 * Maye, Abdikarim - Adjunct Faculty, mayea@cod.edu [mayea@cod.edu]
 * Mecker, Steven - Adjunct Faculty, meckers@cod.edu [meckers@cod.edu]
 * Mirza, Sakeena - Adjunct Faculty, mirzas84@cod.edu [mirzas84@cod.edu]
 * Mizia, Sandra - Adjunct Faculty, mizias@cod.edu [mizias@cod.edu]
 * Montchik, Victoria - Adjunct Faculty, montchikv@cod.edu [montchikv@cod.edu]
 * Morser, Tracy - Adjunct Faculty, morser@cod.edu [morser@cod.edu]
 * Motorga, Narcis - Adjunct Faculty, motorgan@cod.edu [motorgan@cod.edu]
 * Nang, Freedy - Adjunct Faculty, nangf@cod.edu [nangf@cod.edu]
 * Oh, Shukmei - Adjunct Faculty, ohs2736@cod.edu [ohs2736@cod.edu]
 * Oliver, Robert - Adjunct Faculty, oliverr182@cod.edu [oliverr182@cod.edu]
 * Pandya, Katin - Adjunct Faculty, pandyak@cod.edu [pandyak@cod.edu]
 * Park, Sarah - Adjunct Faculty, parks328@cod.edu [parks328@cod.edu]
 * Petersen, William - Adjunct Faculty, peterse@cod.edu [peterse@cod.edu],
   (630)942-2800.
 * Pizzo, William - Adjunct Faculty, pizzow@cod.edu [pizzow@cod.edu]
 * Puetz, Larry - Adjunct Faculty, puetzl@cod.edu [puetzl@cod.edu]
 * Reid, Rhonda - Adjunct Faculty, reidr153@cod.edu [reidr153@cod.edu]
 * Robinson, Norman - Adjunct Faculty, robinsonn221@cod.edu
   [robinsonn221@cod.edu]
 * Rogers-Green, Clara - Adjunct Faculty, rogersg@cod.edu [rogersg@cod.edu]
 * Ruyyashi, Buthaina - Adjunct Faculty, ruyyashib75@cod.edu
   [ruyyashib75@cod.edu]
 * Sarhan, Ghazi - Adjunct Faculty, sarhang@cod.edu [sarhang@cod.edu]
 * Scheibenreif, Katherine - Adjunct Faculty, scheiben@cod.edu
   [scheiben@cod.edu]
 * Stacko, Joseph - Adjunct Faculty, stackoj@cod.edu [stackoj@cod.edu]
 * Tran, Duy - Adjunct Faculty, trand383@cod.edu [trand383@cod.edu]
 * VanZuiden, Scott - Adjunct Faculty, vanzuidens@cod.edu [vanzuidens@cod.edu]
 * Wilson, Daniel - Adjunct Faculty, wilsond56@cod.edu [wilsond56@cod.edu]
 * Witek, Agnieszka - Adjunct Faculty, witeka560@cod.edu [witeka560@cod.edu]
 * Yuen, Fred - Adjunct Faculty, yuenfred@cod.edu [yuenfred@cod.edu],
   (630)942-2800.


PHYSICS

Faculty
 * Bennett, Alexandra [https://www.cod.edu/faculty/websites/kopeckya/index.aspx]
   - Professor, kopeckya@cod.edu [kopeckya@cod.edu], BIC 3436G, (630)942-2435.
 * Fazzini, David [https://www.cod.edu/faculty/websites/fazzinid/index.aspx] -
   Professor, fazzinid@cod.edu [fazzinid@cod.edu], BIC 3E04B, (630)942-3349.
 * Genov, Rumiana [https://www.cod.edu/faculty/websites/nikolova/index.aspx] -
   Professor, nikolova@cod.edu [nikolova@cod.edu], BIC 3530E, (630)942-3276.
 * Meloche, Eric - Assistant Professor, melochee@cod.edu [melochee@cod.edu], BIC
   3E04A, (630)942-3346.

Adjunct Faculty
 * Abad, Hisham - Adjunct Faculty, abadh@cod.edu [abadh@cod.edu]
 * Barrea, Raul - Adjunct Faculty, barrear@cod.edu [barrear@cod.edu]
 * Farmer, Hontas - Adjunct Faculty, farmerh@cod.edu [farmerh@cod.edu]
 * Gimmell, Jennifer - Adjunct Faculty, gimmellj@cod.edu [gimmellj@cod.edu]
 * Hanlet, Pierrick - Adjunct Faculty, hanletp@cod.edu [hanletp@cod.edu]
 * Kapoor, Preeti - Adjunct Faculty, kapoorp@cod.edu [kapoorp@cod.edu], BIC
   2H11, (630)942-3901.
 * Liu, Junhua - Adjunct Faculty, liuj178@cod.edu [liuj178@cod.edu]
 * Lungu, Gheorghe - Adjunct Faculty, lungug@cod.edu [lungug@cod.edu], BIC 2A07
 * Mikels, Matthew - Adjunct Faculty, mikelsm@cod.edu [mikelsm@cod.edu]
 * Milkovich, Scott - Adjunct Faculty, milkovichs@cod.edu [milkovichs@cod.edu]
 * Morrow, Marina - Adjunct Faculty, morrowm@cod.edu [morrowm@cod.edu]
 * Perera, Lalith - Adjunct Faculty, pereral514@cod.edu [pereral514@cod.edu]
 * Steinkraus, Alec - Adjunct Faculty, steinkrausa@cod.edu [steinkrausa@cod.edu]

 


CONTACT INFORMATION

Science, Technology, Engineering and Math Division
[/academics/divisions/math-natural-sciences/index.aspx]
Berg Instructional Center (BIC), Room 2E06, (630) 942-3210

 * College of DuPage [/_resources/img/global/logo-white.svg] /
 * 425 Fawell Blvd., Glen Ellyn, IL 60137 (630) 942-2800 (Main)
   [tel:+1-630-942-2800]
   (630) 942-3000 (Student Services) [tel:+1-630-942-3000]
 * Apply [https://admissions.cod.edu/]
 * Map & Directions [/about/visitor-information/maps-directions/index.aspx]
 * Directory [/faculty/index.aspx]
 * Campus Hours [/about/visitor-information/hours.aspx]
 * COD Centers [/about/visitor-information/centers/]
 * * https://www.facebook.com/collegeofdupage
   * https://twitter.com/collegedupage
   * https://www.youtube.com/user/CollegeofDuPage
   * https://www.linkedin.com/school/college-of-dupage/
   * https://www.flickr.com/photos/codnewsroom/
   * https://www.instagram.com/collegeofdupage/
   * https://www.tiktok.com/@college_of_dupage/

 * Legal & Consumer Information
   [/about/administration/consumer_legal_information/index.aspx]
 * Jobs [/about/humanresources/index.aspx]
 * Police Department [/about/police_department/index.aspx]
 * Contact COD [/about/contact.aspx]
 * Media Contacts [/news/contact.aspx]
 * A-Z Index [/a-to-z.aspx]
 * Library [https://library.cod.edu/]
 * Bookstore [/academics/bookstore.aspx]

 * McAninch Arts Center [https://www.atthemac.org/]
 * WDCB Public Radio [https://wdcb.org/]
 * Veterans Services [/student_life/resources/veterans/index.aspx]
 * Español
   [/student_life/resources/csdi/latino_outreach/index_spanish_language.aspx]
 * Access & Accommodations
   [/student_life/resources/access-accommodations/index.aspx]
 * MyACCESS [https://myaccess.cod.edu/]
 * COD NOW Newsletter [/gateways/cod-now/index.aspx]

© 2023 College of DuPage
[https://www.facebook.com/tr?id=277801059754640&ev=PageView&noscript=1]
©
[https://a.cms.omniupdate.com/11/?skin=cod&account=main&site=www-2019&action=de&path=/academics/divisions/math-natural-sciences/faculty.pcf]